影片名字,封面图片,电影地址,演员以及类型,影片宣传语,热度,豆瓣评分
天空之城,https://img1.doubanio.com/view/photo/s_ratio_poster/public/p1505392928.jpg,https://movie.douban.com/subject/1296141/,,比利·怀德满分作品。,131497人评价,9.6
6,https://img3.doubanio.com/view/photo/s_ratio_poster/public/p480747492.jpg,https://movie.douban.com/subject/1292052/,导演: 弗兰克·德拉邦特 Frank Darabont   主演: 蒂姆·罗宾斯 Tim Robbins /...,希望让人自由。,1135992人评价,9.6
肖申克的救赎,https://img3.doubanio.com/view/photo/s_ratio_poster/public/p1910813120.jpg,https://movie.douban.com/subject/1291546/,1994 / 美国 / 犯罪 剧情,风华绝代。,828577人评价,9.5
阿甘正传,https://img3.doubanio.com/view/photo/s_ratio_poster/public/p510861873.jpg,https://movie.douban.com/subject/1292063/,导演: 陈凯歌 Kaige Chen   主演: 张国荣 Leslie Cheung / 张丰毅 Fengyi Zha...,最美的谎言。,523226人评价,9.5
这个杀手不太冷,https://img1.doubanio.com/view/photo/s_ratio_poster/public/p510876377.jpg,https://movie.douban.com/subject/1292720/,,一部美国近现代史。,896777人评价,9.4
千与千寻,https://img3.doubanio.com/view/photo/s_ratio_poster/public/p492406163.jpg,https://movie.douban.com/subject/1295124/,,拯救一个人，就是拯救整个世界。,472929人评价,9.4
蝙蝠侠：黑暗骑士,https://img3.doubanio.com/view/photo/s_ratio_poster/public/p2173577632.jpg,https://movie.douban.com/subject/1293182/,,1957年的理想主义。 ,205107人评价,9.4
霸王别姬,https://img3.doubanio.com/view/photo/s_ratio_poster/public/p511118051.jpg,https://movie.douban.com/subject/1295644/,,怪蜀黍和小萝莉不得不说的故事。,1050603人评价,9.4
辛德勒的名单,https://img3.doubanio.com/view/photo/s_ratio_poster/public/p513344864.jpg,https://movie.douban.com/subject/3541415/,导演: 吕克·贝松 Luc Besson   主演: 让·雷诺 Jean Reno / 娜塔莉·波特曼 ...,诺兰给了我们一场无法盗取的梦。,921153人评价,9.3
泰坦尼克号,https://img3.doubanio.com/view/photo/s_ratio_poster/public/p1606727862.jpg,https://movie.douban.com/subject/1291561/,,最好的宫崎骏，最好的久石让。 ,833153人评价,9.3
死亡诗社,https://img3.doubanio.com/view/photo/s_ratio_poster/public/p455222172.jpg,https://movie.douban.com/subject/3442220/,,海豚的微笑，是世界上最高明的伪装。,208207人评价,9.3
美丽人生,https://img3.doubanio.com/view/photo/s_ratio_poster/public/p457760035.jpg,https://movie.douban.com/subject/1292722/,1993 / 中国大陆 香港 / 剧情 爱情 同性,失去的才是永恒的。 ,833568人评价,9.3
机器人总动员,https://img3.doubanio.com/view/photo/s_ratio_poster/public/p524964016.jpg,https://movie.douban.com/subject/3011091/,,永远都不能忘记你所爱的人。,587681人评价,9.3
盗梦空间,https://img3.doubanio.com/view/photo/s_ratio_poster/public/p1461851991.jpg,https://movie.douban.com/subject/2131459/,1994 / 法国 / 剧情 动作 犯罪,小瓦力，大人生。,607880人评价,9.3
6,https://img1.doubanio.com/view/photo/s_ratio_poster/public/p2184505167.jpg,https://movie.douban.com/subject/1418019/,导演: 万籁鸣 Laiming Wan / 唐澄 Cheng  Tang   主演: 邱岳峰 Yuefeng Qiu /...,经典之作，历久弥新。,126161人评价,9.3
忠犬八公的故事,https://img3.doubanio.com/view/photo/s_ratio_poster/public/p579729551.jpg,https://movie.douban.com/subject/3793023/,,英俊版憨豆，高情商版谢耳朵。,827014人评价,9.2
星际穿越,https://img3.doubanio.com/view/photo/s_ratio_poster/public/p1363250216.jpg,https://movie.douban.com/subject/5912992/,,我们一路奋战不是为了改变世界，而是为了不让世界改变我们。,343375人评价,9.2
无间道,https://img3.doubanio.com/view/photo/s_ratio_poster/public/p1454261925.jpg,https://movie.douban.com/subject/6786002/,1997 / 美国 / 剧情 爱情 灾难,满满温情的高雅喜剧。,446626人评价,9.2
岁月神偷,https://img3.doubanio.com/view/photo/s_ratio_poster/public/p647099823.jpg,https://movie.douban.com/subject/1295399/,,时代悲歌。,88551人评价,9.2
十二怒汉,https://img3.doubanio.com/view/photo/s_ratio_poster/public/p1181775734.jpg,https://movie.douban.com/subject/1291858/,导演: 朱塞佩·托纳多雷 Giuseppe Tornatore   主演: 安东娜拉·塔莉 Antonel...,对敌人的仁慈，就是对自己残忍。,284888人评价,9.2
三傻大闹宝莱坞,https://img1.doubanio.com/view/photo/s_ratio_poster/public/p511146807.jpg,https://movie.douban.com/subject/1292001/,导演: Robert Zemeckis   主演: Tom Hanks / Robin Wright Penn / Gary Sinise,每个人都要走一条自己坚定了的路，就算是粉身碎骨。 ,696238人评价,9.2
龙猫,https://img3.doubanio.com/view/photo/s_ratio_poster/public/p2206088801.jpg,https://movie.douban.com/subject/1889243/,,爱是一种力量，让我们超越时空感知它的存在。,615781人评价,9.2
黑客帝国3：矩阵革命,https://img3.doubanio.com/view/photo/s_ratio_poster/public/p1910832390.jpg,https://movie.douban.com/subject/1291568/,,东京那么大，如果有一天走失了，恐怕一辈子不能再相见。,57993人评价,9.2
海上钢琴师,https://img3.doubanio.com/view/photo/s_ratio_poster/public/p1910824951.jpg,https://movie.douban.com/subject/1291549/,1994 / 美国 / 剧情 爱情,天籁一般的童声，是最接近上帝的存在。 ,562663人评价,9.2
哈尔的移动城堡,https://img3.doubanio.com/view/photo/s_ratio_poster/public/p2158166535.jpg,https://movie.douban.com/subject/21937445/,,电影的现实意义大过电影本身。,264994人评价,9.2
钢琴家,https://img3.doubanio.com/view/photo/s_ratio_poster/public/p2165511465.jpg,https://movie.douban.com/subject/1303021/,2001 / 新西兰 美国 / 剧情 动作 奇幻 冒险,奔跑的孩子是天使。,168023人评价,9.2
放牛班的春天,https://img3.doubanio.com/view/photo/s_ratio_poster/public/p2455050536.jpg,https://movie.douban.com/subject/1292213/,,一生所爱。,618152人评价,9.2
触不可及,https://img3.doubanio.com/view/photo/s_ratio_poster/public/p1963126880.jpg,https://movie.douban.com/subject/1300267/,,Tomorrow is another day.,320366人评价,9.2
楚门的世界,https://img3.doubanio.com/view/photo/s_ratio_poster/public/p2190556185.jpg,https://movie.douban.com/subject/1291841/,导演: 罗伯托·贝尼尼 Roberto Benigni   主演: 罗伯托·贝尼尼 Roberto Beni...,千万不要记恨你的对手，这样会让你失去理智。,417428人评价,9.2
初恋这件小事,https://img3.doubanio.com/view/photo/s_ratio_poster/public/p2099815842.jpg,https://movie.douban.com/subject/1293908/,,永远的小人物，伟大的卓别林。,50529人评价,9.2
阿凡达,https://img3.doubanio.com/view/photo/s_ratio_poster/public/p2173707976.jpg,https://movie.douban.com/subject/1294371/,2009 / 美国 英国 / 动作 战争 科幻 冒险,大时代中的人生，小人物的悲喜。,107473人评价,9.2
重庆森林,https://img1.doubanio.com/view/photo/s_ratio_poster/public/p1546987967.jpg,https://movie.douban.com/subject/6985810/,,人言可畏。,156747人评价,9.1
指环王1：魔戒再现,https://img3.doubanio.com/view/photo/s_ratio_poster/public/p1910899751.jpg,https://movie.douban.com/subject/1291818/,,人生不能像做菜，把所有的料都准备好了才下锅。,243560人评价,9.1
英国病人,https://img1.doubanio.com/view/photo/s_ratio_poster/public/p2238274168.jpg,https://movie.douban.com/subject/1292281/,,最美的飞翔。,55061人评价,9.1
天堂电影院,https://img3.doubanio.com/view/photo/s_ratio_poster/public/p462657443.jpg,https://movie.douban.com/subject/1851857/,,无尽的黑暗。,406841人评价,9.1
狮子王,https://img1.doubanio.com/view/photo/s_ratio_poster/public/p477229647.jpg,https://movie.douban.com/subject/1292262/,,往事如烟，无处祭奠。,204002人评价,9.1
少年派的奇幻漂流,https://img3.doubanio.com/view/photo/s_ratio_poster/public/p1910825503.jpg,https://movie.douban.com/subject/1291552/,,史诗的终章。,339310人评价,9.1
熔炉,https://img3.doubanio.com/view/photo/s_ratio_poster/public/p2233971046.jpg,https://movie.douban.com/subject/1307914/,导演: 詹姆斯·卡梅隆 James Cameron   主演: 莱昂纳多·迪卡普里奥 Leonardo...,香港电影史上永不过时的杰作。,503116人评价,9.1
情书,https://img3.doubanio.com/view/photo/s_ratio_poster/public/p2118532944.jpg,https://movie.douban.com/subject/21937452/,2001 / 美国 / 传记 剧情,受过伤害的人总是笑得最开心，因为他们不愿意让身边的人承受一样的痛苦。,227448人评价,9.1
窃听风暴,https://img1.doubanio.com/view/photo/s_ratio_poster/public/p792443418.jpg,https://movie.douban.com/subject/1293350/,,4个臭皮匠顶个诸葛亮，盖·里奇果然不是盖的。,314285人评价,9.1
罗马假日,https://img1.doubanio.com/view/photo/s_ratio_poster/public/p1808872109.jpg,https://movie.douban.com/subject/1900841/,,别样人生。,269763人评价,9.1
教父,https://img1.doubanio.com/view/photo/s_ratio_poster/public/p537668599.jpg,https://movie.douban.com/subject/1291560/,1997 / 意大利 / 剧情 喜剧 爱情 战争,人人心中都有个龙猫，童年就永远不会消失。,513075人评价,9.1
海豚湾,https://img1.doubanio.com/view/photo/s_ratio_poster/public/p2194138787.jpg,https://movie.douban.com/subject/1299131/,导演: 李安 Ang Lee   主演: 苏拉·沙玛 Suraj Sharma / 伊尔凡·可汗 Irrfan...,优雅的孤独。,225319人评价,9.1
鬼子来了,https://img3.doubanio.com/view/photo/s_ratio_poster/public/p2513253791.jpg,https://movie.douban.com/subject/1292365/,1988 / 意大利 法国 / 剧情 爱情,张艺谋最好的电影。,336913人评价,9.1
疯狂动物城,https://img3.doubanio.com/view/photo/s_ratio_poster/public/p1910901025.jpg,https://movie.douban.com/subject/1291828/,2016 / 美国 / 喜剧 动画 冒险,那些吻戏，那些青春，都在影院的黑暗里被泪水冲刷得无比清晰。,354831人评价,9.1
发条橙,https://img1.doubanio.com/view/photo/s_ratio_poster/public/p2101693489.jpg,https://movie.douban.com/subject/1401118/,1971 / 英国 美国 / 犯罪 剧情 科幻,最棒的西部片。,57527人评价,9.1
二十二,https://img3.doubanio.com/view/photo/s_ratio_poster/public/p661160053.jpg,https://movie.douban.com/subject/1292337/,,我的平常生活就是他人的幸福。,83643人评价,9.1
大话西游之大圣娶亲,https://img3.doubanio.com/view/photo/s_ratio_poster/public/p479682972.jpg,https://movie.douban.com/subject/1292064/,,如果再也不能见到你，祝你早安，午安，晚安。,594083人评价,9.1
辩护人,https://img3.doubanio.com/view/photo/s_ratio_poster/public/p2457983084.jpg,https://movie.douban.com/subject/26387939/,导演: 张艺谋 Yimou Zhang   主演: 葛优 You Ge / 巩俐 Li Gong / 姜武 Wu Jiang,你不是在为你一个人战斗，你要让千千万万的女性看到女生并不是只能相夫教子。,592112人评价,9.1
6,https://img1.doubanio.com/view/photo/s_ratio_poster/public/p2315672647.jpg,https://movie.douban.com/subject/25662329/,导演: 拜伦·霍华德 Byron Howard / 瑞奇·摩尔 Rich Moore   主演: 金妮弗·...,迪士尼给我们营造的乌托邦就是这样，永远善良勇敢，永远出乎意料。,664416人评价,9.1
指环王3：王者无敌,https://img1.doubanio.com/view/photo/s_ratio_poster/public/p1910926158.jpg,https://movie.douban.com/subject/1292000/,导演: 克里斯托弗·诺兰 Christopher Nolan   主演: 克里斯蒂安·贝尔 Christ...,邪恶与平庸蛰伏于同一个母体，在特定的时间互相对峙。,456106人评价,9
雨人,https://img3.doubanio.com/view/photo/s_ratio_poster/public/p497010372.jpg,https://movie.douban.com/subject/3443389/,,大海啊，不全是水。,105710人评价,9
玩具总动员3,https://img3.doubanio.com/view/photo/s_ratio_poster/public/p792403691.jpg,https://movie.douban.com/subject/1300992/,,坏人的好总是比好人的好来得更感人。,93312人评价,9
梦之安魂曲,https://img3.doubanio.com/view/photo/s_ratio_poster/public/p2297934945.jpg,https://movie.douban.com/subject/1959195/,,养狗三日，便会对你终其一生。,70243人评价,9
美国往事,https://img3.doubanio.com/view/photo/s_ratio_poster/public/p792484461.jpg,https://movie.douban.com/subject/1296736/,导演: 彼得·杰克逊 Peter Jackson   主演: 伊利亚·伍德 Elijah Wood / 西恩...,音乐能化解仇恨。,235201人评价,9
乱世佳人,https://img3.doubanio.com/view/photo/s_ratio_poster/public/p1312700744.jpg,https://movie.douban.com/subject/1849031/,,平民励志片。 ,661744人评价,9
两杆大烟枪,https://img1.doubanio.com/view/photo/s_ratio_poster/public/p792238287.jpg,https://movie.douban.com/subject/1292224/,导演: 姜文 Wen Jiang   主演: 姜文 Wen Jiang / 香川照之 Teruyuki Kagawa /...,自由万岁。,317459人评价,9
叫我第一名,https://img1.doubanio.com/view/photo/s_ratio_poster/public/p1075591188.jpg,https://movie.douban.com/subject/5908478/,2007 / 美国 / 冒险 传记 剧情,你要相信，这世上真的有爱存在，不管在什么年纪 ,64989人评价,9
活着,https://img3.doubanio.com/view/photo/s_ratio_poster/public/p1784592701.jpg,https://movie.douban.com/subject/1929463/,,瑰丽壮观、无人能及的冒险之旅。,688182人评价,9
魂断蓝桥,https://img3.doubanio.com/view/photo/s_ratio_poster/public/p1612355875.jpg,https://movie.douban.com/subject/1293460/,导演: 吴宇森 John Woo   主演: 周润发 Yun-Fat Chow / 张国荣 Leslie Cheung...,骨灰级歌舞片。,102815人评价,9
蝴蝶效应,https://img3.doubanio.com/view/photo/s_ratio_poster/public/p452088641.jpg,https://movie.douban.com/subject/1293172/,,“不要跟我比惨，我比你更惨”再适合这部电影不过了。,213999人评价,9
当幸福来敲门,https://img3.doubanio.com/view/photo/s_ratio_poster/public/p663036666.jpg,https://movie.douban.com/subject/3319755/,导演: 宫崎骏 Hayao Miyazaki   主演: 柊瑠美 Rumi Hîragi / 入野自由 Miy...,真正的幸福是来自内心深处。,706732人评价,9
搏击俱乐部,https://img1.doubanio.com/view/photo/s_ratio_poster/public/p1446261379.jpg,https://movie.douban.com/subject/1291583/,2008 / 美国 英国 / 剧情 动作 科幻 犯罪 惊悚,对天空的追逐，永不停止。 ,396828人评价,9
V字仇杀队,https://img3.doubanio.com/view/photo/s_ratio_poster/public/p1910824340.jpg,https://movie.douban.com/subject/1291548/,,当一个死水般的体制内出现一个活跃的变数时，所有的腐臭都站在了光明的对面。,333653人评价,9
6,https://img3.doubanio.com/view/photo/s_ratio_poster/public/p909265336.jpg,https://movie.douban.com/subject/1291572/,导演: 彼得·杰克逊 Peter Jackson   主演: 伊利亚·伍德 Elijah Wood / 西恩...,承前启后的史诗篇章。,318468人评价,9
指环王2：双塔奇兵,https://img3.doubanio.com/view/photo/s_ratio_poster/public/p1665997400.jpg,https://movie.douban.com/subject/1306029/,2002 / 美国 新西兰 / 剧情 动作 奇幻 冒险,爱是一切逻辑和原由。,356791人评价,8.9
一次别离,https://img1.doubanio.com/view/photo/s_ratio_poster/public/p1150103377.jpg,https://movie.douban.com/subject/1397546/,,诺兰的牛逼来源于内心散发出的恐惧。,90789人评价,8.9
阳光姐妹淘,https://img3.doubanio.com/view/photo/s_ratio_poster/public/p455677490.jpg,https://movie.douban.com/subject/1292208/,,被上帝抛弃了的上帝之城。,174331人评价,8.9
燕尾蝶,https://img3.doubanio.com/view/photo/s_ratio_poster/public/p1145536386.jpg,https://movie.douban.com/subject/3217169/,导演: 詹姆斯·沃德·布柯特 James Ward Byrkit   主演: 艾米丽·芭尔多尼 Em...,热血沸腾，相当完美的娱乐拳击大餐。,94320人评价,8.9
心迷宫,https://img3.doubanio.com/view/photo/s_ratio_poster/public/p2399597512.jpg,https://movie.douban.com/subject/1296909/,,永远看不腻的喜剧。,118165人评价,8.9
心灵捕手,https://img1.doubanio.com/view/photo/s_ratio_poster/public/p1820615077.jpg,https://movie.douban.com/subject/3072124/,,你是我最好的朋友，你是我唯一的朋友 。,255606人评价,8.9
西西里的美丽传说,https://img1.doubanio.com/view/photo/s_ratio_poster/public/p453788577.jpg,https://movie.douban.com/subject/1294408/,导演: 岩井俊二 Shunji Iwai   主演: 中山美穗 Miho Nakayama / 丰川悦司 Ets...,用音乐化解仇恨，让歌声串起美好。,268879人评价,8.9
闻香识女人,https://img3.doubanio.com/view/photo/s_ratio_poster/public/p2174346180.jpg,https://movie.douban.com/subject/1308807/,,带着心爱的人在天空飞翔。,427147人评价,8.9
完美陌生人,https://img3.doubanio.com/view/photo/s_ratio_poster/public/p1021883305.jpg,https://movie.douban.com/subject/1293181/,,故事的反转与反转，分裂电影的始祖。,94819人评价,8.9
素媛,https://img1.doubanio.com/view/photo/s_ratio_poster/public/p726659067.jpg,https://movie.douban.com/subject/1301753/,,动物版《哈姆雷特》。,334173人评价,8.9
射雕英雄传之东成西就,https://img1.doubanio.com/view/photo/s_ratio_poster/public/p2119675128.jpg,https://movie.douban.com/subject/1292434/,导演: 亚当·艾略特 Adam Elliot   主演: 托妮·科莱特 Toni Collette / 菲利...,我们都曾经是一一。,176848人评价,8.9
让子弹飞,https://img1.doubanio.com/view/photo/s_ratio_poster/public/p451926968.jpg,https://movie.douban.com/subject/1291843/,,视觉革命。,332515人评价,8.9
青蛇,https://img3.doubanio.com/view/photo/s_ratio_poster/public/p2516566783.jpg,https://movie.douban.com/subject/1307315/,导演: 阿斯哈·法哈蒂  Asghar Farhadi   主演: 佩曼·莫阿迪 Peyman Moadi /...,想你时你在闹海。,92475人评价,8.9
七宗罪,https://img1.doubanio.com/view/photo/s_ratio_poster/public/p453723669.jpg,https://movie.douban.com/subject/1787291/,,以戏谑来戏谑戏谑。,350078人评价,8.9
美丽心灵,https://img3.doubanio.com/view/photo/s_ratio_poster/public/p1354436051.jpg,https://movie.douban.com/subject/1291571/,,传说的开始。,356546人评价,8.9
控方证人,https://img3.doubanio.com/view/photo/s_ratio_poster/public/p2364094053.jpg,https://movie.douban.com/subject/2129039/,,最后那些最无聊的事情，才是最值得怀念的。 ,601781人评价,8.9
恐怖直播,https://img3.doubanio.com/view/photo/s_ratio_poster/public/p672363704.jpg,https://movie.douban.com/subject/1865703/,导演: Kátia Lund / Fernando Meirelles   主演: Alexandre Rodrigues / Lea...,梦的勾结。,159022人评价,8.9
红辣椒,https://img3.doubanio.com/view/photo/s_ratio_poster/public/p2221319641.jpg,https://movie.douban.com/subject/25814705/,2002 / 巴西 法国 / 犯罪 剧情,那些静得只能听见呼吸的日子里，你明白孤独即生活。,162981人评价,8.9
黑客帝国,https://img3.doubanio.com/view/photo/s_ratio_poster/public/p1014542496.jpg,https://movie.douban.com/subject/1292849/,,美利坚精神输出大片No1.,285000人评价,8.9
海洋,https://img1.doubanio.com/view/photo/s_ratio_poster/public/p2215147728.jpg,https://movie.douban.com/subject/25814707/,,尊敬他人，尊敬你生活的这片土地，明白孤独是人生的常态。,140900人评价,8.9
哈利·波特与死亡圣器(下),https://img3.doubanio.com/view/photo/s_ratio_poster/public/p2159368352.jpg,https://movie.douban.com/subject/1291822/,2004 / 美国 / 悬疑 惊悚 恐怖,当这个世界闭上双眼，他却敞开了怀抱。,136507人评价,8.9
飞越疯人院,https://img1.doubanio.com/view/photo/s_ratio_poster/public/p925123037.jpg,https://movie.douban.com/subject/1298624/,2000 / 中国大陆 / 剧情 历史 战争,史上最美的探戈。,387556人评价,8.9
飞屋环游记,https://img3.doubanio.com/view/photo/s_ratio_poster/public/p1280323646.jpg,https://movie.douban.com/subject/1299398/,导演: Sidney Lumet   主演: 亨利·方达 Henry Fonda / 马丁·鲍尔萨姆 Marti...,旷古烁今。,497238人评价,8.9
大鱼,https://img3.doubanio.com/view/photo/s_ratio_poster/public/p1473670352.jpg,https://movie.douban.com/subject/3008247/,,尽管有些不切实际的幻想，这部电影依旧是一部感人肺腑的佳作。,181447人评价,8.9
大话西游之月光宝盒,https://img3.doubanio.com/view/photo/s_ratio_poster/public/p2189265085.jpg,https://movie.douban.com/subject/1293839/,1957 / 美国 / 剧情,爱情哪怕只有一天。,457804人评价,8.9
追随,https://img3.doubanio.com/view/photo/s_ratio_poster/public/p2259715855.jpg,https://movie.douban.com/subject/25724855/,导演: 王家卫 Kar Wai Wong   主演: 张国荣 Leslie Cheung / 张曼玉 Maggie C...,被偷走的岁月，被伤害的生命，被禁锢的灵魂，终将被希望和善意救赎。,180045人评价,8.8
致命魔术,https://img3.doubanio.com/view/photo/s_ratio_poster/public/p2192535722.jpg,https://movie.douban.com/subject/1485260/,,在时间之河里感受溺水之苦。,456089人评价,8.8
拯救大兵瑞恩,https://img3.doubanio.com/view/photo/s_ratio_poster/public/p1374546770.jpg,https://movie.douban.com/subject/1294639/,导演: 李濬益 Jun-ik Lee   主演: 薛景求 Kyung-gu Sol / 严志媛 Ji-won Uhm ...,史诗大片的典范。,331804人评价,8.8
幽灵公主,https://img3.doubanio.com/view/photo/s_ratio_poster/public/p2220184425.jpg,https://movie.douban.com/subject/1297630/,导演: 泷田洋二郎 Yôjirô Takita   主演: 本木雅弘 Masahiro Motoki / ...,深入内心的恐怖，出人意料的结局。,269579人评价,8.8
饮食男女,https://img1.doubanio.com/view/photo/s_ratio_poster/public/p449897379.jpg,https://movie.douban.com/subject/1292220/,导演: 朗·霍华德 Ron Howard   主演: 罗素·克劳 Russell Crowe / 艾德·哈...,暗恋的极致。,437107人评价,8.8
阳光灿烂的日子,https://img3.doubanio.com/view/photo/s_ratio_poster/public/p2178872593.jpg,https://movie.douban.com/subject/11525673/,1987 / 英国 意大利 中国大陆 法国 美国 / 剧情 传记 历史,小清新的故事里注入了大历史的情怀。,380601人评价,8.8
血钻,https://img1.doubanio.com/view/photo/s_ratio_poster/public/p2263822658.jpg,https://movie.douban.com/subject/25954475/,导演: 萨姆·门德斯 Sam Mendes   主演: 凯文·史派西 Kevin Spacey / 安妮特...,新闻人的理性求真。,142641人评价,8.8
消失的爱人,https://img3.doubanio.com/view/photo/s_ratio_poster/public/p456692072.jpg,https://movie.douban.com/subject/1297052/,,少女情怀总是诗。,198997人评价,8.8
无人知晓,https://img3.doubanio.com/view/photo/s_ratio_poster/public/p652417775.jpg,https://movie.douban.com/subject/1306861/,导演: 尼克·卡索维茨 Nick Cassavetes   主演: 瑞恩·高斯林 Ryan Gosling /...,爱并不需要智商 。,118898人评价,8.8
无耻混蛋,https://img1.doubanio.com/view/photo/s_ratio_poster/public/p2074715729.jpg,https://movie.douban.com/subject/10808442/,,所谓爱情，就是话唠一路，都不会心生腻烦，彼此嫌弃。,131173人评价,8.8
天使爱美丽,https://img3.doubanio.com/view/photo/s_ratio_poster/public/p480383375.jpg,https://movie.douban.com/subject/1780330/,1994 / 台湾 美国 / 剧情 家庭,孪生蝙蝠侠大战克隆金刚狼。,402042人评价,8.8
唐伯虎点秋香,https://img3.doubanio.com/view/photo/s_ratio_poster/public/p2169664351.jpg,https://movie.douban.com/subject/1294240/,,任何信念的力量，都无法改变命运。,150083人评价,8.8
摔跤吧！爸爸,https://img3.doubanio.com/view/photo/s_ratio_poster/public/p1465235231.jpg,https://movie.douban.com/subject/1309046/,1994 / 中国大陆 香港 / 剧情 历史 家庭,一张面具背后的理想与革命。,502836人评价,8.8
入殓师,https://img3.doubanio.com/view/photo/s_ratio_poster/public/p465939041.jpg,https://movie.douban.com/subject/1292679/,导演: 埃里克·布雷斯 Eric Bress / J·麦基·格鲁伯 J. Mackye Gruber   主...,爱情纠缠，男女一致。,289965人评价,8.8
燃情岁月,https://img3.doubanio.com/view/photo/s_ratio_poster/public/p2192834364.jpg,https://movie.douban.com/subject/24750126/,1994 / 香港 台湾 / 剧情 动作 爱情 武侠 古装,始于荒诞，止于更荒诞。,168291人评价,8.8
请以你的名字呼唤我,https://img1.doubanio.com/view/photo/s_ratio_poster/public/p1272904657.jpg,https://movie.douban.com/subject/5989818/,,触不到的恋人。,188347人评价,8.8
倩女幽魂,https://img3.doubanio.com/view/photo/s_ratio_poster/public/p1305562621.jpg,https://movie.douban.com/subject/5322596/,,穷尽一生，我们要学会的，不过是彼此拥抱。,202557人评价,8.8
你的名字。,https://img3.doubanio.com/view/photo/s_ratio_poster/public/p1973489335.jpg,https://movie.douban.com/subject/2363506/,导演: 彼特·道格特 Pete Docter / 罗纳尔多·德尔·卡门 Ronaldo Del Carmen  &nb...,天使保护事件始末。,95997人评价,8.8
末代皇帝,https://img1.doubanio.com/view/photo/s_ratio_poster/public/p594972928.jpg,https://movie.douban.com/subject/2149806/,,死可能是一道门，逝去并不是终结，而是超越，走向下一程。,352559人评价,8.8
摩登时代,https://img1.doubanio.com/view/photo/s_ratio_poster/public/p1374786017.jpg,https://movie.douban.com/subject/4917726/,,再多各自牛逼的时光，也比不上一起傻逼的岁月。 ,308521人评价,8.8
模仿游戏,https://img3.doubanio.com/view/photo/s_ratio_poster/public/p848381236.jpg,https://movie.douban.com/subject/1292329/,,弱者送给弱者的一刀。,120058人评价,8.8
玛丽和马克思,https://img3.doubanio.com/view/photo/s_ratio_poster/public/p804947166.jpg,https://movie.douban.com/subject/1295038/,,童话世界的开端。,319917人评价,8.8
绿里奇迹,https://img1.doubanio.com/view/photo/s_ratio_poster/public/p672446737.jpg,https://movie.douban.com/subject/2222996/,2003 / 美国 澳大利亚 / 动作 科幻,日本的家庭电影已经是世界巅峰了，步履不停是巅峰中的佳作。,97678人评价,8.8
卢旺达饭店,https://img3.doubanio.com/view/photo/s_ratio_poster/public/p2505525050.jpg,https://movie.douban.com/subject/26799731/,,沉醉在电影的情感和视听氛围中无法自拔。,214944人评价,8.8
恋恋笔记本,https://img1.doubanio.com/view/photo/s_ratio_poster/public/p1283675359.jpg,https://movie.douban.com/subject/1858711/,1993 / 香港 / 喜剧 爱情 古装,跨度十五年的欢乐与泪水。,215274人评价,8.8
看不见的客人,https://img3.doubanio.com/view/photo/s_ratio_poster/public/p1910902213.jpg,https://movie.douban.com/subject/1291832/,,故事的高级讲法。,392697人评价,8.8
禁闭岛,https://img3.doubanio.com/view/photo/s_ratio_poster/public/p1613191025.jpg,https://movie.douban.com/subject/1297359/,,人与自然的战争史诗。,270358人评价,8.8
剪刀手爱德华,https://img1.doubanio.com/view/photo/s_ratio_poster/public/p1593414327.jpg,https://movie.douban.com/subject/1293544/,导演: Roger Allers / 罗伯·明可夫 Rob Minkoff   主演: 乔纳森·泰勒·托马...,安东尼·霍普金斯的顶级表演。,405858人评价,8.8
哈利·波特与魔法石,https://img1.doubanio.com/view/photo/s_ratio_poster/public/p967457079.jpg,https://movie.douban.com/subject/1291875/,导演: 贝纳尔多·贝托鲁奇 Bernardo Bertolucci   主演: 尊龙 John Lone / 陈...,一场华丽的意淫。,316042人评价,8.8
告白,https://img3.doubanio.com/view/photo/s_ratio_poster/public/p1962839732.jpg,https://movie.douban.com/subject/1305164/,,相逢只要一瞬间，等待却像是一辈子。,260908人评价,8.8
风之谷,https://img3.doubanio.com/view/photo/s_ratio_poster/public/p1910924055.jpg,https://movie.douban.com/subject/1291990/,导演: 姜炯哲 Hyeong-Cheol Kang   主演: 沈恩京 Eun-kyung Shim / 闵孝琳 Hy...,九年后的重逢是世俗和责任的交叠，没了悸动和青涩，沧桑而温暖。,226912人评价,8.8
谍影重重3,https://img3.doubanio.com/view/photo/s_ratio_poster/public/p2173713676.jpg,https://movie.douban.com/subject/1303037/,2007 / 美国 德国 / 动作 悬疑 惊悚,中国家庭的喜怒哀乐忍。,159268人评价,8.8
第六感,https://img3.doubanio.com/view/photo/s_ratio_poster/public/p453924541.jpg,https://movie.douban.com/subject/1305487/,2008 / 日本 / 剧情,骗子大师和执著警探的你追我跑故事。 ,280257人评价,8.8
春光乍泄,https://img3.doubanio.com/view/photo/s_ratio_poster/public/p480965695.jpg,https://movie.douban.com/subject/1292656/,2004 / 美国 加拿大 / 剧情 悬疑 科幻 惊悚,人生中应该拥有这样的一段豁然开朗。,318990人评价,8.8
侧耳倾听,https://img3.doubanio.com/view/photo/s_ratio_poster/public/p1917567652.jpg,https://movie.douban.com/subject/1291585/,,动画片的圣经。,200728人评价,8.8
猜火车,https://img1.doubanio.com/view/photo/s_ratio_poster/public/p2351134499.jpg,https://movie.douban.com/subject/1293964/,,中国式内在的美国电影。,142217人评价,8.8
本杰明·巴顿奇事,https://img3.doubanio.com/view/photo/s_ratio_poster/public/p792400696.jpg,https://movie.douban.com/subject/1292402/,,美丽无罪。,421031人评价,8.8
6,https://img3.doubanio.com/view/photo/s_ratio_poster/public/p1351050722.jpg,https://movie.douban.com/subject/1395091/,导演: 今敏 Satoshi Kon   主演: 岩男润子 Junko Iwao / 松本梨香 Rica Matsu...,好的剧本是，就算你猜到了结局也猜不到全部。,113707人评价,8.8
终结者2：审判日,https://img3.doubanio.com/view/photo/s_ratio_poster/public/p794583044.jpg,https://movie.douban.com/subject/1291992/,,没有了退路，只好飞向自由。,116174人评价,8.7
忠犬八公物语,https://img3.doubanio.com/view/photo/s_ratio_poster/public/p2406624993.jpg,https://movie.douban.com/subject/26628357/,,惠及一生的美丽。,143052人评价,8.7
致命ID,https://img1.doubanio.com/view/photo/s_ratio_poster/public/p513535588.jpg,https://movie.douban.com/subject/1418834/,1997 / 香港 日本 韩国 / 剧情 爱情 同性,每个人心中都有一座断背山。,368132人评价,8.7
勇敢的心,https://img3.doubanio.com/view/photo/s_ratio_poster/public/p2498971355.jpg,https://movie.douban.com/subject/26580232/,2013 / 韩国 / 剧情,你以为你以为的就是你以为的。,435882人评价,8.7
勇闯夺命岛,https://img3.doubanio.com/view/photo/s_ratio_poster/public/p1735642656.jpg,https://movie.douban.com/subject/6534248/,1992 / 香港 中国大陆 / 剧情 动作 武侠 古装,迪士尼和皮克斯拿错剧本的产物。,207152人评价,8.7
英雄本色,https://img3.doubanio.com/view/photo/s_ratio_poster/public/p1816276065.jpg,https://movie.douban.com/subject/10777687/,2003 / 英国 美国 法国 / 喜剧 剧情 爱情,《我是山姆》的《美丽人生》。,205713人评价,8.7
音乐之声,https://img1.doubanio.com/view/photo/s_ratio_poster/public/p1512562287.jpg,https://movie.douban.com/subject/3742360/,1995 / 日本 / 剧情 爱情,你给我翻译翻译，神马叫做TMD的惊喜。,740822人评价,8.7
驯龙高手,https://img3.doubanio.com/view/photo/s_ratio_poster/public/p792263736.jpg,https://movie.douban.com/subject/1292274/,1995 / 美国 奥地利 瑞士 / 剧情 爱情,有时候幸福需要等一等。 ,254403人评价,8.7
血战钢锯岭,https://img3.doubanio.com/view/photo/s_ratio_poster/public/p1344888983.jpg,https://movie.douban.com/subject/2297265/,导演: 李·昂克里奇 Lee Unkrich   主演: 汤姆·汉克斯 Tom Hanks / 蒂姆·艾...,世界离独裁只有五天。,147475人评价,8.7
幸福终点站,https://img3.doubanio.com/view/photo/s_ratio_poster/public/p617533616.jpg,https://movie.douban.com/subject/4202302/,,曾经的那段美好会沉淀为一辈子的记忆。,247293人评价,8.7
小鞋子,https://img3.doubanio.com/view/photo/s_ratio_poster/public/p457631605.jpg,https://movie.douban.com/subject/1292223/,,警察抓小偷，老鼠玩死猫。,495192人评价,8.7
小森林 冬春篇,https://img3.doubanio.com/view/photo/s_ratio_poster/public/p917846733.jpg,https://movie.douban.com/subject/3011235/,导演: 詹姆斯·温 James Wan   主演: 雷·沃纳尔 Leigh Whannell / 加利·艾...,10年的完美句点。,313233人评价,8.7
香水,https://img1.doubanio.com/view/photo/s_ratio_poster/public/p1864872647.jpg,https://movie.douban.com/subject/1291879/,导演: 克林特·伊斯特伍德 Clint Eastwood   主演: 凯文·科斯特纳 Kevin Cos...,人生的N种可能性。,142039人评价,8.7
喜剧之王,https://img3.doubanio.com/view/photo/s_ratio_poster/public/p751835224.jpg,https://movie.douban.com/subject/1293359/,,从没见过那么流氓的温柔，从没见过那么温柔的流氓。,216351人评价,8.7
头脑特工队,https://img3.doubanio.com/view/photo/s_ratio_poster/public/p2363208684.jpg,https://movie.douban.com/subject/1308857/,导演: 昆汀·塔伦蒂诺 Quentin Tarantino   主演: 杰米·福克斯 Jamie Foxx /...,坚硬的信仰。,143537人评价,8.7
甜蜜蜜,https://img3.doubanio.com/view/photo/s_ratio_poster/public/p1993903133.jpg,https://movie.douban.com/subject/1316510/,,百看不厌。 ,314776人评价,8.7
狩猎,https://img3.doubanio.com/view/photo/s_ratio_poster/public/p453720880.jpg,https://movie.douban.com/subject/1297192/,导演: 王家卫 Kar Wai Wong   主演: 张国荣 Leslie Cheung / 梁朝伟 Tony Leu...,最不可能的那个人永远是最可能的。,369803人评价,8.7
神偷奶爸,https://img1.doubanio.com/view/photo/s_ratio_poster/public/p2237136718.jpg,https://movie.douban.com/subject/1293318/,导演: 大卫·芬奇 David Fincher   主演: 本·阿弗莱克 Ben Affleck / 罗莎蒙...,幸福是生生不息，却难以触及的远。 ,229293人评价,8.7
上帝之城,https://img3.doubanio.com/view/photo/s_ratio_poster/public/p452582315.jpg,https://movie.douban.com/subject/1296339/,导演: 查理·卓别林 Charles Chaplin   主演: 查理·卓别林 Charles Chaplin ...,缘分是个连绵词，最美不过一瞬。,256191人评价,8.7
上帝也疯狂,https://img3.doubanio.com/view/photo/s_ratio_poster/public/p2195672555.jpg,https://movie.douban.com/subject/1300117/,,一部能引人思考的科幻励志片。,96434人评价,8.7
人工智能,https://img1.doubanio.com/view/photo/s_ratio_poster/public/p2398141939.jpg,https://movie.douban.com/subject/26325320/,,优秀的战争片不会美化战场，不会粉饰死亡，不会矮化敌人，不会无视常识，最重要的，不会宣扬战争。,367710人评价,8.7
七武士,https://img1.doubanio.com/view/photo/s_ratio_poster/public/p480225538.jpg,https://movie.douban.com/subject/1300299/,,关于连环杀人悬案的集体回忆。,236421人评价,8.7
贫民窟的百万富翁,https://img3.doubanio.com/view/photo/s_ratio_poster/public/p2163771304.jpg,https://movie.douban.com/subject/1417598/,,真相就在眼前。,223202人评价,8.7
末路狂花,https://img3.doubanio.com/view/photo/s_ratio_poster/public/p767586451.jpg,https://movie.douban.com/subject/1300374/,导演: Andy Wachowski / Larry Wachowski   主演: Keanu Reeves / Laurence F...,天使暂时离开。,118556人评价,8.7
秒速5厘米,https://img3.doubanio.com/view/photo/s_ratio_poster/public/p455722535.jpg,https://movie.douban.com/subject/1300960/,,在那片深蓝中，感受来自大海的忧伤寂寞与美丽自由。,113536人评价,8.7
猫鼠游戏,https://img3.doubanio.com/view/photo/s_ratio_poster/public/p792381411.jpg,https://movie.douban.com/subject/1291999/,,寂寞没有期限。,384230人评价,8.7
恐怖游轮,https://img3.doubanio.com/view/photo/s_ratio_poster/public/p2189835254.jpg,https://movie.douban.com/subject/5964718/,,只有有信仰的人才能说出事实真相。,145715人评价,8.7
菊次郎的夏天,https://img1.doubanio.com/view/photo/s_ratio_poster/public/p450042258.jpg,https://movie.douban.com/subject/2353023/,导演: 理查德·林克莱特 Richard Linklater   主演: 伊桑·霍克 Ethan Hawke ...,和谐的生活离不开摸头与被摸头。,329548人评价,8.7
教父3,https://img3.doubanio.com/view/photo/s_ratio_poster/public/p2272146906.jpg,https://movie.douban.com/subject/1295409/,,香港浪漫主义警匪动作片的巅峰之作。,170499人评价,8.7
加勒比海盗,https://img3.doubanio.com/view/photo/s_ratio_poster/public/p689520756.jpg,https://movie.douban.com/subject/4268598/,1997 / 美国 / 剧情,没有一人完全善，也没有一人完全恶。,390905人评价,8.7
荒岛余生,https://img3.doubanio.com/view/photo/s_ratio_poster/public/p792189453.jpg,https://movie.douban.com/subject/1292226/,导演: 安东尼·明格拉 Anthony Minghella   主演: 拉尔夫·费因斯 Ralph Fien...,现代科幻电影的开山之作，最伟大导演的最伟大影片。,105773人评价,8.7
花样年华,https://img1.doubanio.com/view/photo/s_ratio_poster/public/p2166160837.jpg,https://movie.douban.com/subject/1793929/,1990 / 美国 / 剧情 犯罪,Jared Leto的腿比女人还美！,210062人评价,8.7
虎口脱险,https://img1.doubanio.com/view/photo/s_ratio_poster/public/p1023654037.jpg,https://movie.douban.com/subject/1295865/,导演: 王家卫 Kar Wai Wong   主演: 张国荣 Leslie Cheung / 林青霞 Brigitte...,传奇，不是每个人都可以拥有。,161218人评价,8.7
黑天鹅,https://img1.doubanio.com/view/photo/s_ratio_poster/public/p1867084027.jpg,https://movie.douban.com/subject/1907966/,导演: 丹尼·鲍尔 Danny Boyle / 洛芙琳·坦丹 Loveleen Tandan   主演: 戴夫...,老少皆宜，这就是好莱坞动画的魅力。,416994人评价,8.7
断背山,https://img3.doubanio.com/view/photo/s_ratio_poster/public/p692813374.jpg,https://movie.douban.com/subject/1291545/,,抱着梦想而活着的人是幸福的，怀抱梦想而死去的人是不朽的。,288958人评价,8.7
谍影重重,https://img3.doubanio.com/view/photo/s_ratio_poster/public/p884936202.jpg,https://movie.douban.com/subject/1292270/,2004 / 中国大陆 香港 / 剧情 犯罪,一场没有春天的噩梦。,123157人评价,8.7
低俗小说,https://img1.doubanio.com/view/photo/s_ratio_poster/public/p480956937.jpg,https://movie.douban.com/subject/1292370/,,浪漫忧郁的成人童话。,557179人评价,8.7
大闹天宫,https://img1.doubanio.com/view/photo/s_ratio_poster/public/p2209066019.jpg,https://movie.douban.com/subject/1292343/,1961(中国大陆) / 1964(中国大陆) / 1978(中国大陆) / 2004(中国大陆) / 中国大陆 / 动画 奇幻,人的命运被自己瞬间的抉择改变。,442113人评价,8.7
穿越时空的少女,https://img1.doubanio.com/view/photo/s_ratio_poster/public/p2457609817.jpg,https://movie.douban.com/subject/26430107/,,有一些东西不应该被遗忘。,122724人评价,8.7
超脱,https://img3.doubanio.com/view/photo/s_ratio_poster/public/p2016930906.jpg,https://movie.douban.com/subject/21360417/,,恐怖分子的“秋菊打官司”。,265117人评价,8.7
布达佩斯大饭店,https://img1.doubanio.com/view/photo/s_ratio_poster/public/p1832875827.jpg,https://movie.douban.com/subject/2334904/,,昔日翩翩少年，今日大腹便便。,420584人评价,8.7
碧海蓝天,https://img1.doubanio.com/view/photo/s_ratio_poster/public/p2232247487.jpg,https://movie.douban.com/subject/25895901/,导演: 小津安二郎 Yasujirô Ozu   主演: 笠智众 Chishû Ryû / 原节...,是枝裕和的家庭习作。,155606人评价,8.7
被嫌弃的松子的一生,https://img3.doubanio.com/view/photo/s_ratio_poster/public/p803896904.jpg,https://movie.douban.com/subject/1292215/,导演: 李安 Ang Lee   主演: 郎雄 Sihung Lung / 杨贵媚 Kuei-Mei Yang / 吴...,法式小清新。 ,551635人评价,8.7
爱在黎明破晓前,https://img3.doubanio.com/view/photo/s_ratio_poster/public/p2221768894.jpg,https://movie.douban.com/subject/21318488/,1936 / 美国 / 喜剧 剧情 爱情,年度最佳date movie。,415201人评价,8.7
阿飞正传,https://img3.doubanio.com/view/photo/s_ratio_poster/public/p2266293606.jpg,https://movie.douban.com/subject/10533913/,,愿我们都不用长大，每一座城堡都能永远存在。,263567人评价,8.7
6,https://img1.doubanio.com/view/photo/s_ratio_poster/public/p792223507.jpg,https://movie.douban.com/subject/1578507/,导演: 保罗·格林格拉斯 Paul Greengrass   主演: 马特·达蒙 Matt Damon / ...,像吃了苏打饼一样干脆的电影。,204242人评价,8.7
撞车,https://img3.doubanio.com/view/photo/s_ratio_poster/public/p453719066.jpg,https://movie.douban.com/subject/1419936/,,做一颗让别人需要你的棋子。,190695人评价,8.6
真爱至上,https://img3.doubanio.com/view/photo/s_ratio_poster/public/p1982176012.jpg,https://movie.douban.com/subject/1292328/,1993 / 台湾 美国 / 剧情 喜剧 爱情 同性 家庭,电影诗。,286890人评价,8.6
这个男人来自地球,https://img3.doubanio.com/view/photo/s_ratio_poster/public/p636048104.jpg,https://movie.douban.com/subject/1292728/,导演: 李惠民 Raymond Lee   主演: 张曼玉 Maggie Cheung / 林青霞 Brigitte ...,类型片的极致。 ,154713人评价,8.6
源代码,https://img3.doubanio.com/view/photo/s_ratio_poster/public/p1910909085.jpg,https://movie.douban.com/subject/1291844/,,少见的超越首部的续集，动作片中的经典。,156007人评价,8.6
雨中曲,https://img3.doubanio.com/view/photo/s_ratio_poster/public/p2079334286.jpg,https://movie.douban.com/subject/1937946/,1991 / 香港 / 剧情 喜剧 动作 犯罪,爱上未来的你。 ,205288人评价,8.6
勇士,https://img3.doubanio.com/view/photo/s_ratio_poster/public/p1910900710.jpg,https://movie.douban.com/subject/1291824/,2013 / 美国 英国 / 科幻 悬疑 惊悚,还原真实而残酷的战争。,130523人评价,8.6
萤火之森,https://img1.doubanio.com/view/photo/s_ratio_poster/public/p2504997087.jpg,https://movie.douban.com/subject/1297574/,导演: 理查德·柯蒂斯 Richard Curtis   主演: 休·格兰特 Hugh Grant / 柯林...,英雄泪短，兄弟情长。 ,198653人评价,8.6
萤火虫之墓,https://img3.doubanio.com/view/photo/s_ratio_poster/public/p456666151.jpg,https://movie.douban.com/subject/3792799/,2014 / 美国 / 剧情 犯罪 悬疑 惊悚,岁月流逝，来日可追。,338666人评价,8.6
遗愿清单,https://img1.doubanio.com/view/photo/s_ratio_poster/public/p628364149.jpg,https://movie.douban.com/subject/4798888/,导演: 西恩·潘 Sean Penn   主演: 埃米尔·赫斯基 Emile Hirsch / 马西娅·...,乐观比一切都有力量。,117588人评价,8.6
一个叫欧维的男人决定去死,https://img3.doubanio.com/view/photo/s_ratio_poster/public/p667644866.jpg,https://movie.douban.com/subject/1308767/,导演: 克里斯托弗·史密斯 Christopher Smith   主演: 梅利莎·乔治 Melissa ...,谁说王家卫镜头很晃？,177648人评价,8.6
小森林 夏秋篇,https://img3.doubanio.com/view/photo/s_ratio_poster/public/p1043597424.jpg,https://movie.douban.com/subject/1302425/,,我是一个演员。,372905人评价,8.6
小萝莉的猴神大叔,https://img1.doubanio.com/view/photo/s_ratio_poster/public/p443461818.jpg,https://movie.douban.com/subject/1302467/,,不得不说，《黑客帝国》系列是商业片与科幻、哲学完美结合的典范。,175698人评价,8.6
我爱你,https://img3.doubanio.com/view/photo/s_ratio_poster/public/p1538646661.jpg,https://movie.douban.com/subject/1300741/,,一群演技精湛的戏骨，奉献出一个精致的黑帮小品，成就杜琪峰群戏的巅峰之作。,109594人评价,8.6
未麻的部屋,https://img1.doubanio.com/view/photo/s_ratio_poster/public/p1959232369.jpg,https://movie.douban.com/subject/6307447/,1997 / 日本 / 动画 奇幻 惊悚,热血沸腾，那个低俗、性感的无耻混蛋又来了。,288574人评价,8.6
完美的世界,https://img3.doubanio.com/view/photo/s_ratio_poster/public/p2070153774.jpg,https://movie.douban.com/subject/10577869/,,把每天当作最后一天般珍惜度过，积极拥抱生活，就是幸福。,234721人评价,8.6
杀人回忆,https://img1.doubanio.com/view/photo/s_ratio_poster/public/p2513247938.jpg,https://movie.douban.com/subject/1291579/,导演: 近藤喜文 Yoshifumi Kondo   主演: 本名阳子 Youko Honna / 小林桂树 K...,不要给它起名字，起了名字就有感情了。,280825人评价,8.6
千钧一发,https://img1.doubanio.com/view/photo/s_ratio_poster/public/p2186861098.jpg,https://movie.douban.com/subject/1305725/,,捍卫人权只是信仰，一点不妨碍其行为的残忍。,105332人评价,8.6
魔女宅急便,https://img3.doubanio.com/view/photo/s_ratio_poster/public/p2255040492.jpg,https://movie.douban.com/subject/10463953/,,他给机器起名“克里斯托弗”，因为这是他初恋的名字。,287639人评价,8.6
浪潮,https://img3.doubanio.com/view/photo/s_ratio_poster/public/p2220776342.jpg,https://movie.douban.com/subject/25773932/,2010 / 美国 / 喜剧 动画 奇幻 冒险,这个世界从不善待努力的人，努力了也不一定会成功，但是知道自己在努力，就是活下去的动力。,267428人评价,8.6
彗星来的那一夜,https://img1.doubanio.com/view/photo/s_ratio_poster/public/p465687407.jpg,https://movie.douban.com/subject/1905462/,导演: Sergio Leone   主演: Clint Eastwood / Eli Wallach / Lee Van Cleef,出门必备：本草纲目。,138469人评价,8.6
海盗电台,https://img3.doubanio.com/view/photo/s_ratio_poster/public/p1244791866.jpg,https://movie.douban.com/subject/1296753/,2011 / 美国 加拿大 / 科幻 悬疑 惊悚,世界上有那么多女人那么多酒馆，但她偏偏走进我的这家。,136418人评价,8.6
国王的演讲,https://img3.doubanio.com/view/photo/s_ratio_poster/public/p470383576.jpg,https://movie.douban.com/subject/1292214/,,我不信仰上帝，但我敬畏上帝。,128105人评价,8.6
疯狂原始人,https://img3.doubanio.com/view/photo/s_ratio_poster/public/p942376281.jpg,https://movie.douban.com/subject/1291870/,2008 / 英国 美国 / 剧情 爱情,生活在自己的世界里，也可以让周围的人显得可笑和渺小。,229731人评价,8.6
非常嫌疑犯,https://img3.doubanio.com/view/photo/s_ratio_poster/public/p532195562.jpg,https://movie.douban.com/subject/1307793/,,现实与童话交相辉映的旅程。,113693人评价,8.6
房间,https://img3.doubanio.com/view/photo/s_ratio_poster/public/p2075132390.jpg,https://movie.douban.com/subject/1388216/,1990 / 香港 / 犯罪 剧情 爱情,天使与魔鬼的冲撞。,189903人评价,8.6
东邪西毒,https://img3.doubanio.com/view/photo/s_ratio_poster/public/p641688453.jpg,https://movie.douban.com/subject/1304447/,,一个针管引发的血案。,313205人评价,8.6
谍影重重2,https://img3.doubanio.com/view/photo/s_ratio_poster/public/p2522331945.jpg,https://movie.douban.com/subject/26614893/,2009 / 英国 澳大利亚 / 剧情 悬疑 惊悚,来啊，互相伤害啊！,235186人评价,8.6
穿条纹睡衣的男孩,https://img3.doubanio.com/view/photo/s_ratio_poster/public/p1596085504.jpg,https://movie.douban.com/subject/1298070/,导演: 格斯·范·桑特 Gus Van Sant   主演: 马特·达蒙 Matt Damon / 罗宾·...,约翰尼·德普的独角戏。,403674人评价,8.6
超能陆战队,https://img1.doubanio.com/view/photo/s_ratio_poster/public/p2496940327.jpg,https://movie.douban.com/subject/25980443/,导演: 克里斯托弗·诺兰 Christopher Nolan   主演: 盖·皮尔斯 Guy Pearce /...,我们都有权利不与自己的过去和解。,231641人评价,8.6
冰川时代,https://img1.doubanio.com/view/photo/s_ratio_poster/public/p792257137.jpg,https://movie.douban.com/subject/1302827/,,对爱的执着，可以超越一切。,212601人评价,8.6
傲慢与偏见,https://img1.doubanio.com/view/photo/s_ratio_poster/public/p2224568669.jpg,https://movie.douban.com/subject/11026735/,,Balalala~~~,428550人评价,8.6
爱在午夜降临前,https://img3.doubanio.com/view/photo/s_ratio_poster/public/p769608791.jpg,https://movie.douban.com/subject/3007773/,导演: 邓肯·琼斯 Duncan Jones   主演: 杰克·吉伦哈尔 Jake Gyllenhaal / ...,生命不止，摇滚不死。,176490人评价,8.6
爱在日落黄昏时,https://img3.doubanio.com/view/photo/s_ratio_poster/public/p2414157745.jpg,https://movie.douban.com/subject/1297447/,2011 / 韩国 / 剧情 喜剧,两张绝世的脸。 ,301172人评价,8.6
7号房的礼物,https://img3.doubanio.com/view/photo/s_ratio_poster/public/p2275298525.jpg,https://movie.douban.com/subject/25917973/,,荒诞讽刺，千奇百巧，抽丝剥茧，百转千回。,210606人评价,8.6
2001太空漫游,https://img1.doubanio.com/view/photo/s_ratio_poster/public/p2173719647.jpg,https://movie.douban.com/subject/1297478/,1996 / 美国 英国 / 爱情 剧情 战争,纯净原始的笑与感动。,103636人评价,8.6
6,https://img1.doubanio.com/view/photo/s_ratio_poster/public/p492458287.jpg,https://movie.douban.com/subject/1652587/,导演: 詹姆斯·卡梅隆 James Cameron   主演: 萨姆·沃辛顿 Sam Worthington ...,绝对意义上的美轮美奂。,607133人评价,8.6
6,https://img3.doubanio.com/view/photo/s_ratio_poster/public/p1706428744.jpg,https://movie.douban.com/subject/3395373/,导演: 克里斯托弗·诺兰 Christopher Nolan   主演: 克里斯蒂安·贝尔 Christ...,诺兰就是保证。,332032人评价,8.6
纵横四海,https://img3.doubanio.com/view/photo/s_ratio_poster/public/p483604864.jpg,https://movie.douban.com/subject/1309163/,导演: 李力持 Lik-Chi Lee   主演: 周星驰 Stephen Chow / 巩俐 Li Gong / 陈...,爱情没有那么多借口，如果不能圆满，只能说明爱的不够。 ,320238人评价,8.5
再次出发之纽约遇见你,https://img3.doubanio.com/view/photo/s_ratio_poster/public/p2510956726.jpg,https://movie.douban.com/subject/26393561/,2013 / 美国 / 喜剧 爱情 音乐,宝莱坞的萝莉与大叔。,189978人评价,8.5
喜宴,https://img3.doubanio.com/view/photo/s_ratio_poster/public/p2434249040.jpg,https://movie.douban.com/subject/2209573/,,上帝之城+猜火车+阿甘正传+开心辞典=山寨富翁,433044人评价,8.5
无敌破坏王,https://img3.doubanio.com/view/photo/s_ratio_poster/public/p770734475.jpg,https://movie.douban.com/subject/1438652/,,昆汀同学越来越变态了，比北野武还杜琪峰。,244771人评价,8.5
我是山姆,https://img1.doubanio.com/view/photo/s_ratio_poster/public/p1910895719.jpg,https://movie.douban.com/subject/1291578/,2004 / 美国 / 剧情 爱情,松鼠才是角儿。,306431人评价,8.5
时空恋旅人,https://img3.doubanio.com/view/photo/s_ratio_poster/public/p1910828286.jpg,https://movie.douban.com/subject/1291557/,导演: 弗朗西斯·福特·科波拉 Francis Ford Coppola   主演: 阿尔·帕西诺 A...,偷情本没有这样美。,276963人评价,8.5
枪火,https://img3.doubanio.com/view/photo/s_ratio_poster/public/p2207673534.jpg,https://movie.douban.com/subject/1298653/,,一个人的独角戏。,149613人评价,8.5
迁徙的鸟,https://img3.doubanio.com/view/photo/s_ratio_poster/public/p1244017073.jpg,https://movie.douban.com/subject/1428175/,,每个美丽事物背后都是滴血的现实。,149043人评价,8.5
穆赫兰道,https://img3.doubanio.com/view/photo/s_ratio_poster/public/p708613284.jpg,https://movie.douban.com/subject/1867345/,,用剩余不多的时间，去燃烧整个生命。,145650人评价,8.5
惊魂记,https://img3.doubanio.com/view/photo/s_ratio_poster/public/p584021784.jpg,https://movie.douban.com/subject/1303394/,,人生如此，浮生如斯。谁人言，花彼岸，此生情长意短。谁都是不懂爱的罢了。,248940人评价,8.5
借东西的小人阿莉埃蒂,https://img1.doubanio.com/view/photo/s_ratio_poster/public/p792776858.jpg,https://movie.douban.com/subject/3287562/,,Mr. I Don't Care其实也有Care的时候。,441718人评价,8.5
记忆碎片,https://img3.doubanio.com/view/photo/s_ratio_poster/public/p719282906.jpg,https://movie.douban.com/subject/1978709/,,黑暗之美。,465176人评价,8.5
黄金三镖客,https://img3.doubanio.com/view/photo/s_ratio_poster/public/p571671715.jpg,https://movie.douban.com/subject/1292062/,,每个人的内心都是深不可测的大海。 ,201919人评价,8.5
荒野生存,https://img3.doubanio.com/view/photo/s_ratio_poster/public/p2408623752.jpg,https://movie.douban.com/subject/1291853/,1966 / 意大利 西班牙 西德 / 冒险 西部,"In memory, love lives forever...",186674人评价,8.5
荒蛮故事,https://img3.doubanio.com/view/photo/s_ratio_poster/public/p452005185.jpg,https://movie.douban.com/subject/1418200/,,爱是摈弃傲慢与偏见之后的曙光。,343921人评价,8.5
牯岭街少年杀人事件,https://img3.doubanio.com/view/photo/s_ratio_poster/public/p1597183981.jpg,https://movie.douban.com/subject/1304102/,导演: 陆川 Chuan Lu   主演: 多布杰 Duobujie / 张磊 Lei Zhang / 亓亮 Qi L...,哗啦啦啦啦，天在下雨，哗啦啦啦啦，云在哭泣……找自己。,213882人评价,8.5
东京物语,https://img1.doubanio.com/view/photo/s_ratio_poster/public/p1421018669.jpg,https://movie.douban.com/subject/1292287/,导演: 卡比尔·汗 Kabir Khan   主演: 萨尔曼·汗 Salman Khan / 哈莎莉·马...,嬉笑怒骂，调风动月。,206907人评价,8.5
电锯惊魂,https://img3.doubanio.com/view/photo/s_ratio_poster/public/p475600770.jpg,https://movie.douban.com/subject/1292401/,导演: 李安 Ang Lee   主演: 赵文瑄 Winston Chao / 郎雄 Sihung Lung / 归亚...,爱，是个动词。,349173人评价,8.5
地球上的星星,https://img3.doubanio.com/view/photo/s_ratio_poster/public/p456676352.jpg,https://movie.douban.com/subject/1307811/,2015 / 美国 / 喜剧 动画 冒险,宫崎骏的电影总让人感觉世界是美好的，阳光明媚的。,219301人评价,8.5
达拉斯买家俱乐部,https://img1.doubanio.com/view/photo/s_ratio_poster/public/p513567548.jpg,https://movie.douban.com/subject/1292528/,,不可猜的青春迷笛。 ,270811人评价,8.5
城市之光,https://img3.doubanio.com/view/photo/s_ratio_poster/public/p513303986.jpg,https://movie.douban.com/subject/2300586/,,科幻真正的魅力不是视觉效果能取代的。 ,201766人评价,8.5
变脸,https://img3.doubanio.com/view/photo/s_ratio_poster/public/p984732992.jpg,https://movie.douban.com/subject/1294638/,导演: 詹姆斯·卡梅隆 James Cameron   主演: 阿诺·施瓦辛格 Arnold Schwarz...,生病的E.T.皮肤的颜色就像柿子饼。,170224人评价,8.5
被解救的姜戈,https://img3.doubanio.com/view/photo/s_ratio_poster/public/p2525770523.jpg,https://movie.douban.com/subject/1305690/,,王家卫是一种风格，张国荣是一个代表。,233933人评价,8.5
爆裂鼓手,https://img1.doubanio.com/view/photo/s_ratio_poster/public/p1140984198.jpg,https://movie.douban.com/subject/2213597/,,当爱情跨越年龄的界限，它似乎能变得更久远一点，成为一种责任，一种水到渠成的相濡以沫。 ,299531人评价,8.5
6,https://img3.doubanio.com/view/photo/s_ratio_poster/public/p529908155.jpg,https://movie.douban.com/subject/1292233/,导演: Stanley Kubrick   主演: Malcolm McDowell / Patrick Magee / Michael...,我完全康复了。,201992人评价,8.5
6,https://img3.doubanio.com/view/photo/s_ratio_poster/public/p2250287733.jpg,https://movie.douban.com/subject/6874403/,导演: 约翰·卡尼 John Carney   主演: 凯拉·奈特莉 Keira Knightley / 马克...,爱我就给我看你的播放列表。,194663人评价,8.5
战争之王,https://img1.doubanio.com/view/photo/s_ratio_poster/public/p2395733377.jpg,https://movie.douban.com/subject/26683290/,,穿越错位的时空，仰望陨落的星辰，你没留下你的名字，我却无法忘记那句“我爱你”。,556334人评价,8.4
新龙门客栈,https://img3.doubanio.com/view/photo/s_ratio_poster/public/p988260245.jpg,https://movie.douban.com/subject/3075287/,2015 / 印度 / 剧情 喜剧 动作,邓肯·琼斯继《月球》之后再度奉献出一部精彩绝伦的科幻佳作。,445190人评价,8.4
美国丽人,https://img3.doubanio.com/view/photo/s_ratio_poster/public/p2187896711.jpg,https://movie.douban.com/subject/25807345/,,小成本大魅力。,207359人评价,8.4
朗读者,https://img1.doubanio.com/view/photo/s_ratio_poster/public/p470006658.jpg,https://movie.douban.com/subject/1760622/,,一个单凭体香达到高潮的男人。,306073人评价,8.4
可可西里,https://img3.doubanio.com/view/photo/s_ratio_poster/public/p462470694.jpg,https://movie.douban.com/subject/3011051/,2012 / 美国 / 剧情 动作 西部 冒险,不要企图在重复中寻找已经失去的爱。,368652人评价,8.4
疯狂的石头,https://img3.doubanio.com/view/photo/s_ratio_poster/public/p2173855883.jpg,https://movie.douban.com/subject/1292659/,,当发哥的风衣、墨镜出现在了凯奇身上⋯⋯,233176人评价,8.4
蝙蝠侠：黑暗骑士崛起,https://img3.doubanio.com/view/photo/s_ratio_poster/public/p1946455272.jpg,https://movie.douban.com/subject/1306249/,2012 / 美国 英国 / 剧情 动作 科幻 犯罪 惊悚,华太师是黄霑，吴镇宇四大才子之一。,390784人评价,8.4
卡萨布兰卡,https://img3.doubanio.com/view/photo/s_ratio_poster/public/p712241453.jpg,https://movie.douban.com/subject/1862151/,,中国版《两杆大烟枪》。,354499人评价,8.3
聚焦,https://img1.doubanio.com/view/photo/s_ratio_poster/public/p768879237.jpg,https://movie.douban.com/subject/4023638/,1999 / 美国 / 剧情 爱情 家庭,皇上无话儿。,371529人评价,8.3
黑鹰坠落,https://img3.doubanio.com/view/photo/s_ratio_poster/public/p792248233.jpg,https://movie.douban.com/subject/1292217/,,大卫·林奇的梦境迷宫。,254863人评价,8.3
海街日记,https://img3.doubanio.com/view/photo/s_ratio_poster/public/p1505312273.jpg,https://movie.douban.com/subject/4739952/,1953 / 日本 / 剧情 家庭,黑小鸭速效美白记。,510831人评价,8.3
大卫·戈尔的一生,https://img3.doubanio.com/view/photo/s_ratio_poster/public/p584822570.jpg,https://movie.douban.com/subject/1308575/,导演: 雅克·贝汉 Jacques Perrin / 雅克·克鲁奥德 Jacques Cluzaud   主演:...,青春的窃窃私语。 ,289299人评价,8.3
步履不停,https://img3.doubanio.com/view/photo/s_ratio_poster/public/p982896012.jpg,https://movie.douban.com/subject/2043546/,,青春就是放弃和怀念。,336261人评价,8.3
